abstract_id,kg
1,"lkg:Disease_MESH_D010190 rdf:type lkg:Disease .
lkg:box_001 rdf:type lkg:DRSBox ;
lkg:containsEntity lkg:Disease_MESH_D010190 .
lkg:Disease_MESH_D021441 rdf:type lkg:Disease .
lkg:box_002 rdf:type lkg:DRSBox ;
lkg:containsEntity lkg:Disease_MESH_D021441 .
lkg:Chemical_MESH_D000093542 rdf:type lkg:Chemical .
lkg:box_003 rdf:type lkg:DRSBox ;
lkg:containsEntity lkg:Chemical_MESH_D000093542 .
lkg:Chemical_MESH_C000627770 rdf:type lkg:Chemical .
lkg:box_004 rdf:type lkg:DRSBox ;
lkg:containsEntity lkg:Chemical_MESH_C000627770 .
lkg:box_005 rdf:type lkg:DRSBox ;
lkg:containsEntity lkg:Chemical_MESH_D000093542 , lkg:Disease_MESH_D010190 ;
lkg:containsStatement lkg:stmt_005 .
lkg:stmt_005 rdf:type rdf:Statement ;
rdf:subject lkg:Chemical_MESH_D000093542 ;
rdf:predicate lkg:treat ;
rdf:object lkg:Disease_MESH_D010190 .
lkg:box_006 rdf:type lkg:DRSBox ;
lkg:containsEntity lkg:Chemical_MESH_C000627770 , lkg:Disease_MESH_D010190 ;
lkg:containsStatement lkg:stmt_006 .
lkg:stmt_006 rdf:type rdf:Statement ;
rdf:subject lkg:Chemical_MESH_C000627770 ;
rdf:predicate lkg:treat ;
rdf:object lkg:Disease_MESH_D010190 ."
2,"lkg:Gene_3835 rdf:type lkg:Gene .
lkg:box_001 rdf:type lkg:DRSBox ;
lkg:containsEntity lkg:Gene_3835 .
lkg:Disease_MESH_D010190 rdf:type lkg:Disease .
lkg:box_002 rdf:type lkg:DRSBox ;
lkg:containsEntity lkg:Disease_MESH_D010190 .
lkg:Chemical_MESH_C070243 rdf:type lkg:Chemical .
lkg:box_003 rdf:type lkg:DRSBox ;
lkg:containsEntity lkg:Chemical_MESH_C070243 .
lkg:Gene_5604 rdf:type lkg:Gene .
lkg:box_004 rdf:type lkg:DRSBox ;
lkg:containsEntity lkg:Gene_5604 .
lkg:Gene_5605 rdf:type lkg:Gene .
lkg:box_005 rdf:type lkg:DRSBox ;
lkg:containsEntity lkg:Gene_5605 .
lkg:Gene_5595 rdf:type lkg:Gene .
lkg:box_006 rdf:type lkg:DRSBox ;
lkg:containsEntity lkg:Gene_5595 .
lkg:Gene_5594 rdf:type lkg:Gene .
lkg:box_007 rdf:type lkg:DRSBox ;
lkg:containsEntity lkg:Gene_5594 .
lkg:Gene_1033 rdf:type lkg:Gene .
lkg:box_008 rdf:type lkg:DRSBox ;
lkg:containsEntity lkg:Gene_1033 .
lkg:Gene_1026 rdf:type lkg:Gene .
lkg:box_009 rdf:type lkg:DRSBox ;
lkg:containsEntity lkg:Gene_1026 .
lkg:Species_9606 rdf:type lkg:Species .
lkg:box_010 rdf:type lkg:DRSBox ;
lkg:containsEntity lkg:Species_9606 .
lkg:CellLine_CVCL_0480 rdf:type lkg:CellLine .
lkg:box_011 rdf:type lkg:DRSBox ;
lkg:containsEntity lkg:CellLine_CVCL_0480 .
lkg:CellLine_CVCL_0428 rdf:type lkg:CellLine .
lkg:box_012 rdf:type lkg:DRSBox ;
lkg:containsEntity lkg:CellLine_CVCL_0428 .
lkg:Gene_5609 rdf:type lkg:Gene .
lkg:box_013 rdf:type lkg:DRSBox ;
lkg:containsEntity lkg:Gene_5609 .
lkg:box_014 rdf:type lkg:DRSBox ;
lkg:containsEntity lkg:Gene_3835 , lkg:Disease_MESH_D010190 ;
lkg:containsStatement lkg:stmt_014 .
lkg:stmt_014 rdf:type rdf:Statement ;
rdf:subject lkg:Gene_3835 ;
rdf:predicate lkg:associate ;
rdf:object lkg:Disease_MESH_D010190 .
lkg:box_015 rdf:type lkg:DRSBox ;
lkg:containsEntity lkg:Gene_5609 , lkg:Disease_MESH_D010190 ;
lkg:containsStatement lkg:stmt_015 .
lkg:stmt_015 rdf:type rdf:Statement ;
rdf:subject lkg:Gene_5609 ;
rdf:predicate lkg:associate ;
rdf:object lkg:Disease_MESH_D010190 .
lkg:box_016 rdf:type lkg:DRSBox ;
lkg:containsEntity lkg:Gene_5594 , lkg:Disease_MESH_D010190 ;
lkg:containsStatement lkg:stmt_016 .
lkg:stmt_016 rdf:type rdf:Statement ;
rdf:subject lkg:Gene_5594 ;
rdf:predicate lkg:associate ;
rdf:object lkg:Disease_MESH_D010190 .
lkg:box_017 rdf:type lkg:DRSBox ;
lkg:containsEntity lkg:Gene_1026 , lkg:Disease_MESH_D010190 ;
lkg:containsStatement lkg:stmt_017 .
lkg:stmt_017 rdf:type rdf:Statement ;
rdf:subject lkg:Gene_1026 ;
rdf:predicate lkg:associate ;
rdf:object lkg:Disease_MESH_D010190 .
lkg:box_018 rdf:type lkg:DRSBox ;
lkg:containsEntity lkg:Gene_1026 , lkg:Gene_3835 ;
lkg:containsStatement lkg:stmt_018 .
lkg:stmt_018 rdf:type rdf:Statement ;
rdf:subject lkg:Gene_1026 ;
rdf:predicate lkg:associate ;
rdf:object lkg:Gene_3835 .
lkg:box_019 rdf:type lkg:DRSBox ;
lkg:containsEntity lkg:Gene_1026 , lkg:Gene_5609 ;
lkg:containsStatement lkg:stmt_019 .
lkg:stmt_019 rdf:type rdf:Statement ;
rdf:subject lkg:Gene_1026 ;
rdf:predicate lkg:associate ;
rdf:object lkg:Gene_5609 .
lkg:box_020 rdf:type lkg:DRSBox ;
lkg:containsEntity lkg:Gene_1026 , lkg:Gene_5594 ;
lkg:containsStatement lkg:stmt_020 .
lkg:stmt_020 rdf:type rdf:Statement ;
rdf:subject lkg:Gene_1026 ;
rdf:predicate lkg:associate ;
rdf:object lkg:Gene_5594 .
lkg:box_021 rdf:type lkg:DRSBox ;
lkg:containsEntity lkg:Gene_1033 , lkg:Gene_3835 ;
lkg:containsStatement lkg:stmt_021 .
lkg:stmt_021 rdf:type rdf:Statement ;
rdf:subject lkg:Gene_1033 ;
rdf:predicate lkg:associate ;
rdf:object lkg:Gene_3835 .
lkg:box_022 rdf:type lkg:DRSBox ;
lkg:containsEntity lkg:Gene_3835 , lkg:Gene_5604 ;
lkg:containsStatement lkg:stmt_022 .
lkg:stmt_022 rdf:type rdf:Statement ;
rdf:subject lkg:Gene_3835 ;
rdf:predicate lkg:associate ;
rdf:object lkg:Gene_5604 .
lkg:box_023 rdf:type lkg:DRSBox ;
lkg:containsEntity lkg:Gene_3835 , lkg:Gene_5605 ;
lkg:containsStatement lkg:stmt_023 .
lkg:stmt_023 rdf:type rdf:Statement ;
rdf:subject lkg:Gene_3835 ;
rdf:predicate lkg:associate ;
rdf:object lkg:Gene_5605 .
lkg:box_024 rdf:type lkg:DRSBox ;
lkg:containsEntity lkg:Gene_3835 , lkg:Gene_5609 ;
lkg:containsStatement lkg:stmt_024 .
lkg:stmt_024 rdf:type rdf:Statement ;
rdf:subject lkg:Gene_3835 ;
rdf:predicate lkg:associate ;
rdf:object lkg:Gene_5609 .
lkg:box_025 rdf:type lkg:DRSBox ;
lkg:containsEntity lkg:Gene_3835 , lkg:Gene_5594 ;
lkg:containsStatement lkg:stmt_025 .
lkg:stmt_025 rdf:type rdf:Statement ;
rdf:subject lkg:Gene_3835 ;
rdf:predicate lkg:associate ;
rdf:object lkg:Gene_5594 .
lkg:box_026 rdf:type lkg:DRSBox ;
lkg:containsEntity lkg:Gene_3835 , lkg:Gene_5595 ;
lkg:containsStatement lkg:stmt_026 .
lkg:stmt_026 rdf:type rdf:Statement ;
rdf:subject lkg:Gene_3835 ;
rdf:predicate lkg:associate ;
rdf:object lkg:Gene_5595 ."
3,"lkg:Disease_MESH_D021441 rdf:type lkg:Disease .
lkg:box_001 rdf:type lkg:DRSBox ;
lkg:containsEntity lkg:Disease_MESH_D021441 .
lkg:Disease_MESH_D009369 rdf:type lkg:Disease .
lkg:box_002 rdf:type lkg:DRSBox ;
lkg:containsEntity lkg:Disease_MESH_D009369 .
lkg:Disease_MESH_D007565 rdf:type lkg:Disease .
lkg:box_003 rdf:type lkg:DRSBox ;
lkg:containsEntity lkg:Disease_MESH_D007565 .
lkg:Disease_MESH_D003967 rdf:type lkg:Disease .
lkg:box_004 rdf:type lkg:DRSBox ;
lkg:containsEntity lkg:Disease_MESH_D003967 .
lkg:Disease_MESH_D015431 rdf:type lkg:Disease .
lkg:box_005 rdf:type lkg:DRSBox ;
lkg:containsEntity lkg:Disease_MESH_D015431 .
lkg:Disease_MESH_D001660 rdf:type lkg:Disease .
lkg:box_006 rdf:type lkg:DRSBox ;
lkg:containsEntity lkg:Disease_MESH_D001660 .
lkg:Disease_MESH_D041781 rdf:type lkg:Disease .
lkg:box_007 rdf:type lkg:DRSBox ;
lkg:containsEntity lkg:Disease_MESH_D041781 .
lkg:Gene_174 rdf:type lkg:Gene .
lkg:box_008 rdf:type lkg:DRSBox ;
lkg:containsEntity lkg:Gene_174 .
lkg:Species_9606 rdf:type lkg:Species .
lkg:box_009 rdf:type lkg:DRSBox ;
lkg:containsEntity lkg:Species_9606 .
lkg:Chemical_MESH_D000093542 rdf:type lkg:Chemical .
lkg:box_010 rdf:type lkg:DRSBox ;
lkg:containsEntity lkg:Chemical_MESH_D000093542 .
lkg:Chemical_MESH_D000069287 rdf:type lkg:Chemical .
lkg:box_011 rdf:type lkg:DRSBox ;
lkg:containsEntity lkg:Chemical_MESH_D000069287 .
lkg:Chemical_MESH_C582435 rdf:type lkg:Chemical .
lkg:box_012 rdf:type lkg:DRSBox ;
lkg:containsEntity lkg:Chemical_MESH_C582435 .
lkg:Chemical_MESH_C560077 rdf:type lkg:Chemical .
lkg:box_013 rdf:type lkg:DRSBox ;
lkg:containsEntity lkg:Chemical_MESH_C560077 .
lkg:box_014 rdf:type lkg:DRSBox ;
lkg:containsEntity lkg:Disease_MESH_D001660 , lkg:Gene_174 ;
lkg:containsStatement lkg:stmt_014 .
lkg:stmt_014 rdf:type rdf:Statement ;
rdf:subject lkg:Disease_MESH_D001660 ;
rdf:predicate lkg:associate ;
rdf:object lkg:Gene_174 .
lkg:box_015 rdf:type lkg:DRSBox ;
lkg:containsEntity lkg:Disease_MESH_D021441 , lkg:Gene_174 ;
lkg:containsStatement lkg:stmt_015 .
lkg:stmt_015 rdf:type rdf:Statement ;
rdf:subject lkg:Disease_MESH_D021441 ;
rdf:predicate lkg:associate ;
rdf:object lkg:Gene_174 .
lkg:box_016 rdf:type lkg:DRSBox ;
lkg:containsEntity lkg:Disease_MESH_D041781 , lkg:Gene_174 ;
lkg:containsStatement lkg:stmt_016 .
lkg:stmt_016 rdf:type rdf:Statement ;
rdf:subject lkg:Disease_MESH_D041781 ;
rdf:predicate lkg:associate ;
rdf:object lkg:Gene_174 .
lkg:box_017 rdf:type lkg:DRSBox ;
lkg:containsEntity lkg:Disease_MESH_D007565 , lkg:Gene_174 ;
lkg:containsStatement lkg:stmt_017 .
lkg:stmt_017 rdf:type rdf:Statement ;
rdf:subject lkg:Disease_MESH_D007565 ;
rdf:predicate lkg:associate ;
rdf:object lkg:Gene_174 .
lkg:box_018 rdf:type lkg:DRSBox ;
lkg:containsEntity lkg:Chemical_MESH_D000069287 , lkg:Disease_MESH_D003967 ;
lkg:containsStatement lkg:stmt_018 .
lkg:stmt_018 rdf:type rdf:Statement ;
rdf:subject lkg:Chemical_MESH_D000069287 ;
rdf:predicate lkg:cause ;
rdf:object lkg:Disease_MESH_D003967 .
lkg:box_019 rdf:type lkg:DRSBox ;
lkg:containsEntity lkg:Chemical_MESH_D000093542 , lkg:Disease_MESH_D003967 ;
lkg:containsStatement lkg:stmt_019 .
lkg:stmt_019 rdf:type rdf:Statement ;
rdf:subject lkg:Chemical_MESH_D000093542 ;
rdf:predicate lkg:cause ;
rdf:object lkg:Disease_MESH_D003967 .
lkg:box_020 rdf:type lkg:DRSBox ;
lkg:containsEntity lkg:Chemical_MESH_D000093542 , lkg:Disease_MESH_D015431 ;
lkg:containsStatement lkg:stmt_020 .
lkg:stmt_020 rdf:type rdf:Statement ;
rdf:subject lkg:Chemical_MESH_D000093542 ;
rdf:predicate lkg:cause ;
rdf:object lkg:Disease_MESH_D015431 .
lkg:box_021 rdf:type lkg:DRSBox ;
lkg:containsEntity lkg:Chemical_MESH_D000069287 , lkg:Chemical_MESH_D000093542 ;
lkg:containsStatement lkg:stmt_021 .
lkg:stmt_021 rdf:type rdf:Statement ;
rdf:subject lkg:Chemical_MESH_D000069287 ;
rdf:predicate lkg:cotreat ;
rdf:object lkg:Chemical_MESH_D000093542 .
lkg:box_022 rdf:type lkg:DRSBox ;
lkg:containsEntity lkg:Chemical_MESH_C582435 , lkg:Chemical_MESH_C560077 ;
lkg:containsStatement lkg:stmt_022 .
lkg:stmt_022 rdf:type rdf:Statement ;
rdf:subject lkg:Chemical_MESH_C582435 ;
rdf:predicate lkg:cotreat ;
rdf:object lkg:Chemical_MESH_C560077 .
lkg:box_023 rdf:type lkg:DRSBox ;
lkg:containsEntity lkg:Chemical_MESH_D000069287 , lkg:Disease_MESH_D021441 ;
lkg:containsStatement lkg:stmt_023 .
lkg:stmt_023 rdf:type rdf:Statement ;
rdf:subject lkg:Chemical_MESH_D000069287 ;
rdf:predicate lkg:treat ;
rdf:object lkg:Disease_MESH_D021441 .
lkg:box_024 rdf:type lkg:DRSBox ;
lkg:containsEntity lkg:Chemical_MESH_D000093542 , lkg:Disease_MESH_D021441 ;
lkg:containsStatement lkg:stmt_024 .
lkg:stmt_024 rdf:type rdf:Statement ;
rdf:subject lkg:Chemical_MESH_D000093542 ;
rdf:predicate lkg:treat ;
rdf:object lkg:Disease_MESH_D021441 .
lkg:box_025 rdf:type lkg:DRSBox ;
lkg:containsEntity lkg:Chemical_MESH_D000093542 , lkg:Disease_MESH_D007565 ;
lkg:containsStatement lkg:stmt_025 .
lkg:stmt_025 rdf:type rdf:Statement ;
rdf:subject lkg:Chemical_MESH_D000093542 ;
rdf:predicate lkg:treat ;
rdf:object lkg:Disease_MESH_D007565 .
lkg:box_026 rdf:type lkg:DRSBox ;
lkg:containsEntity lkg:Chemical_MESH_C582435 , lkg:Disease_MESH_D021441 ;
lkg:containsStatement lkg:stmt_026 .
lkg:stmt_026 rdf:type rdf:Statement ;
rdf:subject lkg:Chemical_MESH_C582435 ;
rdf:predicate lkg:treat ;
rdf:object lkg:Disease_MESH_D021441 .
lkg:box_027 rdf:type lkg:DRSBox ;
lkg:containsEntity lkg:Chemical_MESH_C582435 , lkg:Disease_MESH_D003967 ;
lkg:containsStatement lkg:stmt_027 .
lkg:stmt_027 rdf:type rdf:Statement ;
rdf:subject lkg:Chemical_MESH_C582435 ;
rdf:predicate lkg:treat ;
rdf:object lkg:Disease_MESH_D003967 .
lkg:box_028 rdf:type lkg:DRSBox ;
lkg:containsEntity lkg:Chemical_MESH_C582435 , lkg:Disease_MESH_D015431 ;
lkg:containsStatement lkg:stmt_028 .
lkg:stmt_028 rdf:type rdf:Statement ;
rdf:subject lkg:Chemical_MESH_C582435 ;
rdf:predicate lkg:treat ;
rdf:object lkg:Disease_MESH_D015431 .
lkg:box_029 rdf:type lkg:DRSBox ;
lkg:containsEntity lkg:Chemical_MESH_C560077 , lkg:Disease_MESH_D021441 ;
lkg:containsStatement lkg:stmt_029 .
lkg:stmt_029 rdf:type rdf:Statement ;
rdf:subject lkg:Chemical_MESH_C560077 ;
rdf:predicate lkg:treat ;
rdf:object lkg:Disease_MESH_D021441 .
lkg:box_030 rdf:type lkg:DRSBox ;
lkg:containsEntity lkg:Chemical_MESH_C560077 , lkg:Disease_MESH_D003967 ;
lkg:containsStatement lkg:stmt_030 .
lkg:stmt_030 rdf:type rdf:Statement ;
rdf:subject lkg:Chemical_MESH_C560077 ;
rdf:predicate lkg:treat ;
rdf:object lkg:Disease_MESH_D003967 ."
4,"lkg:Disease_MESH_D010190 rdf:type lkg:Disease .
lkg:box_001 rdf:type lkg:DRSBox ;
lkg:containsEntity lkg:Disease_MESH_D010190 .
lkg:Disease_MESH_D009369 rdf:type lkg:Disease .
lkg:box_002 rdf:type lkg:DRSBox ;
lkg:containsEntity lkg:Disease_MESH_D009369 .
lkg:Species_9606 rdf:type lkg:Species .
lkg:box_003 rdf:type lkg:DRSBox ;
lkg:containsEntity lkg:Species_9606 .
lkg:Gene_7103 rdf:type lkg:Gene .
lkg:box_004 rdf:type lkg:DRSBox ;
lkg:containsEntity lkg:Gene_7103 .
lkg:Gene_10631 rdf:type lkg:Gene .
lkg:box_005 rdf:type lkg:DRSBox ;
lkg:containsEntity lkg:Gene_10631 .
lkg:Gene_10551 rdf:type lkg:Gene .
lkg:box_006 rdf:type lkg:DRSBox ;
lkg:containsEntity lkg:Gene_10551 .
lkg:Gene_7031 rdf:type lkg:Gene .
lkg:box_007 rdf:type lkg:DRSBox ;
lkg:containsEntity lkg:Gene_7031 .
lkg:Gene_1356 rdf:type lkg:Gene .
lkg:box_008 rdf:type lkg:DRSBox ;
lkg:containsEntity lkg:Gene_1356 .
lkg:box_009 rdf:type lkg:DRSBox ;
lkg:containsEntity lkg:Disease_MESH_D009369 , lkg:Gene_7103 ;
lkg:containsStatement lkg:stmt_009 .
lkg:stmt_009 rdf:type rdf:Statement ;
rdf:subject lkg:Disease_MESH_D009369 ;
rdf:predicate lkg:associate ;
rdf:object lkg:Gene_7103 .
lkg:box_010 rdf:type lkg:DRSBox ;
lkg:containsEntity lkg:Disease_MESH_D010190 , lkg:Gene_1356 ;
lkg:containsStatement lkg:stmt_010 .
lkg:stmt_010 rdf:type rdf:Statement ;
rdf:subject lkg:Disease_MESH_D010190 ;
rdf:predicate lkg:associate ;
rdf:object lkg:Gene_1356 .
lkg:box_011 rdf:type lkg:DRSBox ;
lkg:containsEntity lkg:Disease_MESH_D010190 , lkg:Gene_7103 ;
lkg:containsStatement lkg:stmt_011 .
lkg:stmt_011 rdf:type rdf:Statement ;
rdf:subject lkg:Disease_MESH_D010190 ;
rdf:predicate lkg:associate ;
rdf:object lkg:Gene_7103 .
lkg:box_012 rdf:type lkg:DRSBox ;
lkg:containsEntity lkg:Disease_MESH_D010190 , lkg:Gene_10551 ;
lkg:containsStatement lkg:stmt_012 .
lkg:stmt_012 rdf:type rdf:Statement ;
rdf:subject lkg:Disease_MESH_D010190 ;
rdf:predicate lkg:stimulate ;
rdf:object lkg:Gene_10551 .
lkg:box_013 rdf:type lkg:DRSBox ;
lkg:containsEntity lkg:Disease_MESH_D010190 , lkg:Gene_10631 ;
lkg:containsStatement lkg:stmt_013 .
lkg:stmt_013 rdf:type rdf:Statement ;
rdf:subject lkg:Disease_MESH_D010190 ;
rdf:predicate lkg:stimulate ;
rdf:object lkg:Gene_10631 .
lkg:box_014 rdf:type lkg:DRSBox ;
lkg:containsEntity lkg:Disease_MESH_D010190 , lkg:Gene_7031 ;
lkg:containsStatement lkg:stmt_014 .
lkg:stmt_014 rdf:type rdf:Statement ;
rdf:subject lkg:Disease_MESH_D010190 ;
rdf:predicate lkg:stimulate ;
rdf:object lkg:Gene_7031 ."
5,"lkg:Disease_MESH_D021441 rdf:type lkg:Disease .
lkg:box_001 rdf:type lkg:DRSBox ;
lkg:containsEntity lkg:Disease_MESH_D021441 .
lkg:Disease_MESH_D009369 rdf:type lkg:Disease .
lkg:box_002 rdf:type lkg:DRSBox ;
lkg:containsEntity lkg:Disease_MESH_D009369 .
lkg:Gene_3604 rdf:type lkg:Gene .
lkg:box_003 rdf:type lkg:DRSBox ;
lkg:containsEntity lkg:Gene_3604 .
lkg:Gene_3569 rdf:type lkg:Gene .
lkg:box_004 rdf:type lkg:DRSBox ;
lkg:containsEntity lkg:Gene_3569 .
lkg:Gene_3845 rdf:type lkg:Gene .
lkg:box_005 rdf:type lkg:DRSBox ;
lkg:containsEntity lkg:Gene_3845 .
lkg:Gene_653108 rdf:type lkg:Gene .
lkg:box_006 rdf:type lkg:DRSBox ;
lkg:containsEntity lkg:Gene_653108 .
lkg:Variant_3845_pG12C rdf:type lkg:Variant .
lkg:box_007 rdf:type lkg:DRSBox ;
lkg:containsEntity lkg:Variant_3845_pG12C .
lkg:box_008 rdf:type lkg:DRSBox ;
lkg:containsEntity lkg:Disease_MESH_D021441 , lkg:Gene_3604 ;
lkg:containsStatement lkg:stmt_008 .
lkg:stmt_008 rdf:type rdf:Statement ;
rdf:subject lkg:Disease_MESH_D021441 ;
rdf:predicate lkg:associate ;
rdf:object lkg:Gene_3604 .
lkg:box_009 rdf:type lkg:DRSBox ;
lkg:containsEntity lkg:Disease_MESH_D021441 , lkg:Gene_3569 ;
lkg:containsStatement lkg:stmt_009 .
lkg:stmt_009 rdf:type rdf:Statement ;
rdf:subject lkg:Disease_MESH_D021441 ;
rdf:predicate lkg:associate ;
rdf:object lkg:Gene_3569 .
lkg:box_010 rdf:type lkg:DRSBox ;
lkg:containsEntity lkg:Disease_MESH_D021441 , lkg:Gene_653108 ;
lkg:containsStatement lkg:stmt_010 .
lkg:stmt_010 rdf:type rdf:Statement ;
rdf:subject lkg:Disease_MESH_D021441 ;
rdf:predicate lkg:associate ;
rdf:object lkg:Gene_653108 ."
6,"lkg:Disease_MESH_D021441 rdf:type lkg:Disease .
lkg:box_001 rdf:type lkg:DRSBox ;
lkg:containsEntity lkg:Disease_MESH_D021441 .
lkg:Disease_MESH_D004194 rdf:type lkg:Disease .
lkg:box_002 rdf:type lkg:DRSBox ;
lkg:containsEntity lkg:Disease_MESH_D004194 .
lkg:Disease_MESH_D007249 rdf:type lkg:Disease .
lkg:box_003 rdf:type lkg:DRSBox ;
lkg:containsEntity lkg:Disease_MESH_D007249 .
lkg:Disease_MESH_D001778 rdf:type lkg:Disease .
lkg:box_004 rdf:type lkg:DRSBox ;
lkg:containsEntity lkg:Disease_MESH_D001778 .
lkg:Chemical_MESH_C032881 rdf:type lkg:Chemical .
lkg:box_005 rdf:type lkg:DRSBox ;
lkg:containsEntity lkg:Chemical_MESH_C032881 .
lkg:Gene_7058 rdf:type lkg:Gene .
lkg:box_006 rdf:type lkg:DRSBox ;
lkg:containsEntity lkg:Gene_7058 .
lkg:Gene_5168 rdf:type lkg:Gene .
lkg:box_007 rdf:type lkg:DRSBox ;
lkg:containsEntity lkg:Gene_5168 .
lkg:box_008 rdf:type lkg:DRSBox ;
lkg:containsEntity lkg:Disease_MESH_D021441 , lkg:Chemical_MESH_C032881 ;
lkg:containsStatement lkg:stmt_008 .
lkg:stmt_008 rdf:type rdf:Statement ;
rdf:subject lkg:Disease_MESH_D021441 ;
rdf:predicate lkg:associate ;
rdf:object lkg:Chemical_MESH_C032881 .
lkg:box_009 rdf:type lkg:DRSBox ;
lkg:containsEntity lkg:Disease_MESH_D021441 , lkg:Gene_7058 ;
lkg:containsStatement lkg:stmt_009 .
lkg:stmt_009 rdf:type rdf:Statement ;
rdf:subject lkg:Disease_MESH_D021441 ;
rdf:predicate lkg:associate ;
rdf:object lkg:Gene_7058 .
lkg:box_010 rdf:type lkg:DRSBox ;
lkg:containsEntity lkg:Disease_MESH_D021441 , lkg:Gene_5168 ;
lkg:containsStatement lkg:stmt_010 .
lkg:stmt_010 rdf:type rdf:Statement ;
rdf:subject lkg:Disease_MESH_D021441 ;
rdf:predicate lkg:associate ;
rdf:object lkg:Gene_5168 ."
7,"lkg:Disease_MESH_D021441 rdf:type lkg:Disease .
lkg:box_001 rdf:type lkg:DRSBox ;
lkg:containsEntity lkg:Disease_MESH_D021441 .
lkg:Disease_MESH_D050500 rdf:type lkg:Disease .
lkg:box_002 rdf:type lkg:DRSBox ;
lkg:containsEntity lkg:Disease_MESH_D050500 .
lkg:Disease_MESH_D010195 rdf:type lkg:Disease .
lkg:box_003 rdf:type lkg:DRSBox ;
lkg:containsEntity lkg:Disease_MESH_D010195 .
lkg:Species_9606 rdf:type lkg:Species .
lkg:box_004 rdf:type lkg:DRSBox ;
lkg:containsEntity lkg:Species_9606 .
lkg:Chemical_MESH_D000438 rdf:type lkg:Chemical .
lkg:box_005 rdf:type lkg:DRSBox ;
lkg:containsEntity lkg:Chemical_MESH_D000438 .
lkg:box_006 rdf:type lkg:DRSBox ;
lkg:containsEntity lkg:Chemical_MESH_D000438 , lkg:Disease_MESH_D010195 ;
lkg:containsStatement lkg:stmt_006 .
lkg:stmt_006 rdf:type rdf:Statement ;
rdf:subject lkg:Chemical_MESH_D000438 ;
rdf:predicate lkg:cause ;
rdf:object lkg:Disease_MESH_D010195 ."
8,"lkg:Disease_MESH_D021441 rdf:type lkg:Disease .
lkg:box_001 rdf:type lkg:DRSBox ;
lkg:containsEntity lkg:Disease_MESH_D021441 .
lkg:Disease_MESH_D001943 rdf:type lkg:Disease .
lkg:box_002 rdf:type lkg:DRSBox ;
lkg:containsEntity lkg:Disease_MESH_D001943 .
lkg:Disease_MESH_D009369 rdf:type lkg:Disease .
lkg:box_003 rdf:type lkg:DRSBox ;
lkg:containsEntity lkg:Disease_MESH_D009369 .
lkg:Gene_406948 rdf:type lkg:Gene .
lkg:box_004 rdf:type lkg:DRSBox ;
lkg:containsEntity lkg:Gene_406948 .
lkg:Gene_100861402 rdf:type lkg:Gene .
lkg:box_005 rdf:type lkg:DRSBox ;
lkg:containsEntity lkg:Gene_100861402 .
lkg:Gene_253782 rdf:type lkg:Gene .
lkg:box_006 rdf:type lkg:DRSBox ;
lkg:containsEntity lkg:Gene_253782 .
lkg:Gene_2260 rdf:type lkg:Gene .
lkg:box_007 rdf:type lkg:DRSBox ;
lkg:containsEntity lkg:Gene_2260 .
lkg:Species_9606 rdf:type lkg:Species .
lkg:box_008 rdf:type lkg:DRSBox ;
lkg:containsEntity lkg:Species_9606 .
lkg:box_009 rdf:type lkg:DRSBox ;
lkg:containsEntity lkg:Disease_MESH_D001943 , lkg:Gene_253782 ;
lkg:containsStatement lkg:stmt_009 .
lkg:stmt_009 rdf:type rdf:Statement ;
rdf:subject lkg:Disease_MESH_D001943 ;
rdf:predicate lkg:associate ;
rdf:object lkg:Gene_253782 .
lkg:box_010 rdf:type lkg:DRSBox ;
lkg:containsEntity lkg:Disease_MESH_D001943 , lkg:Gene_100861402 ;
lkg:containsStatement lkg:stmt_010 .
lkg:stmt_010 rdf:type rdf:Statement ;
rdf:subject lkg:Disease_MESH_D001943 ;
rdf:predicate lkg:associate ;
rdf:object lkg:Gene_100861402 .
lkg:box_011 rdf:type lkg:DRSBox ;
lkg:containsEntity lkg:Disease_MESH_D021441 , lkg:Gene_253782 ;
lkg:containsStatement lkg:stmt_011 .
lkg:stmt_011 rdf:type rdf:Statement ;
rdf:subject lkg:Disease_MESH_D021441 ;
rdf:predicate lkg:associate ;
rdf:object lkg:Gene_253782 .
lkg:box_012 rdf:type lkg:DRSBox ;
lkg:containsEntity lkg:Disease_MESH_D021441 , lkg:Gene_100861402 ;
lkg:containsStatement lkg:stmt_012 .
lkg:stmt_012 rdf:type rdf:Statement ;
rdf:subject lkg:Disease_MESH_D021441 ;
rdf:predicate lkg:associate ;
rdf:object lkg:Gene_100861402 .
lkg:box_013 rdf:type lkg:DRSBox ;
lkg:containsEntity lkg:Disease_MESH_D021441 , lkg:Gene_2260 ;
lkg:containsStatement lkg:stmt_013 .
lkg:stmt_013 rdf:type rdf:Statement ;
rdf:subject lkg:Disease_MESH_D021441 ;
rdf:predicate lkg:associate ;
rdf:object lkg:Gene_2260 .
lkg:box_014 rdf:type lkg:DRSBox ;
lkg:containsEntity lkg:Disease_MESH_D021441 , lkg:Gene_406948 ;
lkg:containsStatement lkg:stmt_014 .
lkg:stmt_014 rdf:type rdf:Statement ;
rdf:subject lkg:Disease_MESH_D021441 ;
rdf:predicate lkg:associate ;
rdf:object lkg:Gene_406948 .
lkg:box_015 rdf:type lkg:DRSBox ;
lkg:containsEntity lkg:Disease_MESH_D009369 , lkg:Gene_253782 ;
lkg:containsStatement lkg:stmt_015 .
lkg:stmt_015 rdf:type rdf:Statement ;
rdf:subject lkg:Disease_MESH_D009369 ;
rdf:predicate lkg:associate ;
rdf:object lkg:Gene_253782 .
lkg:box_016 rdf:type lkg:DRSBox ;
lkg:containsEntity lkg:Disease_MESH_D009369 , lkg:Gene_2260 ;
lkg:containsStatement lkg:stmt_016 .
lkg:stmt_016 rdf:type rdf:Statement ;
rdf:subject lkg:Disease_MESH_D009369 ;
rdf:predicate lkg:associate ;
rdf:object lkg:Gene_2260 .
lkg:box_017 rdf:type lkg:DRSBox ;
lkg:containsEntity lkg:Disease_MESH_D009369 , lkg:Gene_406948 ;
lkg:containsStatement lkg:stmt_017 .
lkg:stmt_017 rdf:type rdf:Statement ;
rdf:subject lkg:Disease_MESH_D009369 ;
rdf:predicate lkg:associate ;
rdf:object lkg:Gene_406948 .
lkg:box_018 rdf:type lkg:DRSBox ;
lkg:containsEntity lkg:Gene_100861402 , lkg:Gene_406948 ;
lkg:containsStatement lkg:stmt_018 .
lkg:stmt_018 rdf:type rdf:Statement ;
rdf:subject lkg:Gene_100861402 ;
rdf:predicate lkg:associate ;
rdf:object lkg:Gene_406948 .
lkg:box_019 rdf:type lkg:DRSBox ;
lkg:containsEntity lkg:Gene_2260 , lkg:Gene_406948 ;
lkg:containsStatement lkg:stmt_019 .
lkg:stmt_019 rdf:type rdf:Statement ;
rdf:subject lkg:Gene_2260 ;
rdf:predicate lkg:associate ;
rdf:object lkg:Gene_406948 .
lkg:box_020 rdf:type lkg:DRSBox ;
lkg:containsEntity lkg:Gene_253782 , lkg:Gene_406948 ;
lkg:containsStatement lkg:stmt_020 .
lkg:stmt_020 rdf:type rdf:Statement ;
rdf:subject lkg:Gene_253782 ;
rdf:predicate lkg:interact ;
rdf:object lkg:Gene_406948 .
lkg:box_021 rdf:type lkg:DRSBox ;
lkg:containsEntity lkg:Gene_100861402 , lkg:Gene_2260 ;
lkg:containsStatement lkg:stmt_021 .
lkg:stmt_021 rdf:type rdf:Statement ;
rdf:subject lkg:Gene_100861402 ;
rdf:predicate lkg:positiveCorrelate ;
rdf:object lkg:Gene_2260 .
lkg:box_022 rdf:type lkg:DRSBox ;
lkg:containsEntity lkg:Gene_2260 , lkg:Gene_253782 ;
lkg:containsStatement lkg:stmt_022 .
lkg:stmt_022 rdf:type rdf:Statement ;
rdf:subject lkg:Gene_2260 ;
rdf:predicate lkg:positiveCorrelate ;
rdf:object lkg:Gene_253782 ."
9,"lkg:Disease_MESH_D021441 rdf:type lkg:Disease .
lkg:box_001 rdf:type lkg:DRSBox ;
lkg:containsEntity lkg:Disease_MESH_D021441 .
lkg:Disease_MESH_D009369 rdf:type lkg:Disease .
lkg:box_002 rdf:type lkg:DRSBox ;
lkg:containsEntity lkg:Disease_MESH_D009369 .
lkg:Chemical_MESH_D005472 rdf:type lkg:Chemical .
lkg:box_003 rdf:type lkg:DRSBox ;
lkg:containsEntity lkg:Chemical_MESH_D005472 .
lkg:Chemical_MESH_D000093542 rdf:type lkg:Chemical .
lkg:box_004 rdf:type lkg:DRSBox ;
lkg:containsEntity lkg:Chemical_MESH_D000093542 .
lkg:Chemical_MESH_D017239 rdf:type lkg:Chemical .
lkg:box_005 rdf:type lkg:DRSBox ;
lkg:containsEntity lkg:Chemical_MESH_D017239 .
lkg:Chemical_MESH_D002945 rdf:type lkg:Chemical .
lkg:box_006 rdf:type lkg:DRSBox ;
lkg:containsEntity lkg:Chemical_MESH_D002945 .
lkg:Species_9606 rdf:type lkg:Species .
lkg:box_007 rdf:type lkg:DRSBox ;
lkg:containsEntity lkg:Species_9606 .
lkg:CellLine_CVCL_0152 rdf:type lkg:CellLine .
lkg:box_008 rdf:type lkg:DRSBox ;
lkg:containsEntity lkg:CellLine_CVCL_0152 .
lkg:CellLine_CVCL_0186 rdf:type lkg:CellLine .
lkg:box_009 rdf:type lkg:DRSBox ;
lkg:containsEntity lkg:CellLine_CVCL_0186 .
lkg:CellLine_CVCL_0237 rdf:type lkg:CellLine .
lkg:box_010 rdf:type lkg:DRSBox ;
lkg:containsEntity lkg:CellLine_CVCL_0237 .
lkg:CellLine_CVCL_1119 rdf:type lkg:CellLine .
lkg:box_011 rdf:type lkg:DRSBox ;
lkg:containsEntity lkg:CellLine_CVCL_1119 .
lkg:CellLine_CVCL_0313 rdf:type lkg:CellLine .
lkg:box_012 rdf:type lkg:DRSBox ;
lkg:containsEntity lkg:CellLine_CVCL_0313 .
lkg:CellLine_CVCL_0428 rdf:type lkg:CellLine .
lkg:box_013 rdf:type lkg:DRSBox ;
lkg:containsEntity lkg:CellLine_CVCL_0428 .
lkg:CellLine_CVCL_0480 rdf:type lkg:CellLine .
lkg:box_014 rdf:type lkg:DRSBox ;
lkg:containsEntity lkg:CellLine_CVCL_0480 .
lkg:CellLine_CVCL_1847 rdf:type lkg:CellLine .
lkg:box_015 rdf:type lkg:DRSBox ;
lkg:containsEntity lkg:CellLine_CVCL_1847 .
lkg:CellLine_CVCL_1723 rdf:type lkg:CellLine .
lkg:box_016 rdf:type lkg:DRSBox ;
lkg:containsEntity lkg:CellLine_CVCL_1723 .
lkg:CellLine_CVCL_4056 rdf:type lkg:CellLine .
lkg:box_017 rdf:type lkg:DRSBox ;
lkg:containsEntity lkg:CellLine_CVCL_4056 .
lkg:box_018 rdf:type lkg:DRSBox ;
lkg:containsEntity lkg:Chemical_MESH_D000093542 , lkg:Chemical_MESH_D017239 ;
lkg:containsStatement lkg:stmt_018 .
lkg:stmt_018 rdf:type rdf:Statement ;
rdf:subject lkg:Chemical_MESH_D000093542 ;
rdf:predicate lkg:compare ;
rdf:object lkg:Chemical_MESH_D017239 .
lkg:box_019 rdf:type lkg:DRSBox ;
lkg:containsEntity lkg:Chemical_MESH_D005472 , lkg:Disease_MESH_D021441 ;
lkg:containsStatement lkg:stmt_019 .
lkg:stmt_019 rdf:type rdf:Statement ;
rdf:subject lkg:Chemical_MESH_D005472 ;
rdf:predicate lkg:treat ;
rdf:object lkg:Disease_MESH_D021441 .
lkg:box_020 rdf:type lkg:DRSBox ;
lkg:containsEntity lkg:Chemical_MESH_D000093542 , lkg:Disease_MESH_D021441 ;
lkg:containsStatement lkg:stmt_020 .
lkg:stmt_020 rdf:type rdf:Statement ;
rdf:subject lkg:Chemical_MESH_D000093542 ;
rdf:predicate lkg:treat ;
rdf:object lkg:Disease_MESH_D021441 .
lkg:box_021 rdf:type lkg:DRSBox ;
lkg:containsEntity lkg:Chemical_MESH_D017239 , lkg:Disease_MESH_D021441 ;
lkg:containsStatement lkg:stmt_021 .
lkg:stmt_021 rdf:type rdf:Statement ;
rdf:subject lkg:Chemical_MESH_D017239 ;
rdf:predicate lkg:treat ;
rdf:object lkg:Disease_MESH_D021441 ."
10,"lkg:Disease_MESH_D021441 rdf:type lkg:Disease .
lkg:box_001 rdf:type lkg:DRSBox ;
lkg:containsEntity lkg:Disease_MESH_D021441 .
lkg:Disease_MESH_D010190 rdf:type lkg:Disease .
lkg:box_002 rdf:type lkg:DRSBox ;
lkg:containsEntity lkg:Disease_MESH_D010190 .
lkg:Disease_MESH_D009369 rdf:type lkg:Disease .
lkg:box_003 rdf:type lkg:DRSBox ;
lkg:containsEntity lkg:Disease_MESH_D009369 .
lkg:Disease_MESH_D064420 rdf:type lkg:Disease .
lkg:box_004 rdf:type lkg:DRSBox ;
lkg:containsEntity lkg:Disease_MESH_D064420 .
lkg:Chemical_MESH_C575255 rdf:type lkg:Chemical .
lkg:box_005 rdf:type lkg:DRSBox ;
lkg:containsEntity lkg:Chemical_MESH_C575255 .
lkg:CellLine_CVCL_1723 rdf:type lkg:CellLine .
lkg:box_006 rdf:type lkg:DRSBox ;
lkg:containsEntity lkg:CellLine_CVCL_1723 .
lkg:CellLine_CVCL_0186 rdf:type lkg:CellLine .
lkg:box_007 rdf:type lkg:DRSBox ;
lkg:containsEntity lkg:CellLine_CVCL_0186 .
lkg:Gene_7291 rdf:type lkg:Gene .
lkg:box_008 rdf:type lkg:DRSBox ;
lkg:containsEntity lkg:Gene_7291 .
lkg:Gene_3570 rdf:type lkg:Gene .
lkg:box_009 rdf:type lkg:DRSBox ;
lkg:containsEntity lkg:Gene_3570 .
lkg:Gene_10014 rdf:type lkg:Gene .
lkg:box_010 rdf:type lkg:DRSBox ;
lkg:containsEntity lkg:Gene_10014 .
lkg:Gene_8320 rdf:type lkg:Gene .
lkg:box_011 rdf:type lkg:DRSBox ;
lkg:containsEntity lkg:Gene_8320 .
lkg:Gene_9734 rdf:type lkg:Gene .
lkg:box_012 rdf:type lkg:DRSBox ;
lkg:containsEntity lkg:Gene_9734 .
lkg:box_013 rdf:type lkg:DRSBox ;
lkg:containsEntity lkg:Chemical_MESH_C575255 , lkg:Gene_9734 ;
lkg:containsStatement lkg:stmt_013 .
lkg:stmt_013 rdf:type rdf:Statement ;
rdf:subject lkg:Chemical_MESH_C575255 ;
rdf:predicate lkg:negativeCorrelate ;
rdf:object lkg:Gene_9734 ."
