abstract_id,nl
1,"Disease_MESH_D010190 are among the most ominous, and among the most studied. Their complexities have provided ample material for a huge investigative effort, which is briefly surveyed in this review. Eradication by surgery has proven extremely difficult, and a successful chemotherapeutic approach is desperately needed. Treatment with ""traditional"" anticancer drugs, such as benchmark Chemical_MESH_D000093542 or the current standard-of-care Chemical_MESH_C000627770 quaternary combination increase the mean overall survival by only a few months and often leads to chemoresistance. Much work is therefore currently devoted to potentiating our pharmacological weapons by accurate targeting and, in particular, by acting on the dense tumoral stroma, a distinctive feature of Disease_MESH_D021441 accounting for much of the therapeutic difficulty. We give an overview of recent developments, touching on the major aspects of Disease_MESH_D021441 physiology and biochemistry, currently-used and experimental drugs, and targeting technologies under development. A few papers are discussed in some detail to help provide a sense of how the field is moving."
2,"The study is aimed at exploring the potential biological process and molecular mechanism of Gene_3835 involved in the development and progression of Disease_MESH_D010190. First, we used the GEPIA database and tissue qRT-PCR to examine the expression of Gene_3835 mRNA in Disease_MESH_D010190. Meanwhile, immunohistochemistry revealed the presence of Gene_3835 in 71 Disease_MESH_D010190 tissues versus 30 Disease_UNKNOWN tissues. Then, we also explored the relationship between Gene_3835 expression level and clinical prognosis. Furthermore, in Disease_MESH_D010190 cells, we silenced Gene_3835 by transfecting Gene_3835 SiRNA, and we investigated the effect of Gene_3835 on the proliferation of Disease_MESH_D010190 cells with Chemical_MESH_C070243 and colony formation assays. Finally, we used Gene Set Enrichment Analysis (GSEA) to look at the effect of Gene_3835 on the cell cycle regulation of Disease_MESH_D010190 cells, and we used Western blot to look at the relationship between Gene_3835 and the phosphorylated Gene_5604;5605, Gene_5595;5594 (p-Gene_5604;5605, p-Gene_5595;5594), and the Gene_1033 (Gene_1026). In this study, we found that Gene_3835 was highly expressed in Disease_MESH_D010190 tissues, and Species_9606 with high expression of Gene_3835 demonstrated significantly worse clinical prognosis outcomes (P < 0.05). When the Gene_3835 gene was silenced in Disease_MESH_D010190 cells (CellLine_CVCL_0480 and CellLine_CVCL_0428), the cells' ability to proliferate was significantly reduced. Furthermore, GSEA confirmed that Gene_3835 is involved in cell cycle regulation in Disease_MESH_D010190 Species_9606 (FDR = 0.00158, P < 0.0001). Besides, the level of Gene_3835 expression was positively correlated with Ki67 (r = 0.8043, P < 0.0001), and Gene_3835 can promote the transmutation of G1/S. The expression of p-Gene_5604;5605 and p-Gene_5595;5594 was significantly downregulated, while Gene_1026 expression was significantly upregulated (P < 0.05). According to our findings, Gene_3835 is highly expressed in Disease_MESH_D010190 and demonstrates a poor clinical prognosis. It regulates the cell cycle via the Gene_5609/Gene_5594/Gene_1026 signaling axis and promotes the development of Disease_MESH_D010190."
3,"INTRODUCTION: Disease_MESH_D021441 (Disease_MESH_D021441) is often diagnosed at an advanced stage, with high rates of mortality and drug resistance. Carbohydrate antigen 19-9 (CA19-9) is a Disease_MESH_D009369 biomarker for diagnosis and prognosis in Disease_MESH_D021441. However, elevated Gene_174 (Gene_174) is exceedingly rare in the Disease_MESH_D021441 Species_9606. CASE PRESENTATION: Herein, we describe a 67-year-old Species_9606 who presented with elevated Gene_174 before the diagnosis of Disease_MESH_D021441. In March 2025, this Species_9606 who had elevated Gene_174 and CA19-9 levels and was presenting with Disease_MESH_D007565, was diagnosed with Disease_MESH_D021441. Subsequently, she underwent pancreaticoduodenectomy, partial resection of the superior mesenteric vein (SMV), and SMV reconstruction. After radical resection (R0), the levels of Gene_174 and CA19-9 were significantly decreased. Next, she was treated with adjuvant chemotherapy (Chemical_MESH_D000093542 plus Chemical_MESH_D000069287). After four cycles of treatment, the Species_9606 presented with Disease_MESH_D003967, Disease_MESH_D015431, poor nutritional status, and other signs of poor tolerance to chemotherapy. Thus, the regimen was changed to Chemical_MESH_C582435 plus Chemical_MESH_C560077. Hepatic recurrence was detected at the 7-month follow-up. At 11 months after surgery, the Species_9606 developed a Disease_MESH_D001660 and Disease_MESH_D041781, and ultimately died. CONCLUSIONS: This case demonstrates that Gene_174 may be a potential biomarker for Disease_MESH_D021441, especially in the CA19-9-negative Disease_MESH_D021441 Species_9606."
4,"In Disease_MESH_D010190 clinical trials, Black Species_9606 are under-represented while having higher morbidity and mortality rates as compared to other racial groups. Multiple factors, including socioeconomic and lifestyle factors may contribute to this disparity, but genomic contributions remain unclear. In an exploratory project to identify genes that may contribute to differences in survival between Black (n = 8) and White (n = 20) Species_9606 with Disease_MESH_D010190, transcriptomic sequencing of over 24,900 genes was performed in Species_9606 Disease_MESH_D010190 and non-Disease_MESH_D009369 tissue obtained from Black and White Species_9606. Over 4,400 genes were differentially expressed in Disease_MESH_D009369 and non-Disease_MESH_D009369 tissue, irrespective of race. To validate these results, the expression of four genes (Gene_10551, Gene_10631, Gene_7031, and Gene_1356) reported to be up-regulated in Disease_MESH_D010190 tissue as compared to non-Disease_MESH_D009369 tissue were confirmed using quantitative PCR. Transcriptomic analysis that compared Disease_MESH_D010190 tissue from Black and White Species_9606 revealed differential expression in 1,200 genes, while a comparison of the non-Disease_MESH_D009369 and Disease_MESH_D009369 gene expression differences within each race revealed over 1,500 Disease_MESH_D009369-specific differentially expressed genes in Disease_MESH_D010190 and non-Disease_MESH_D009369 tissue from Black Species_9606. We identified Gene_7103 as a potential Disease_MESH_D009369-specific gene significantly overexpressed in Disease_MESH_D010190 tissue in Black Species_9606 as compared to White Species_9606. Using Ingenuity Pathway Analysis software to compare the race-associated gene expression profiles, over 40 canonical pathways were identified to be potentially impacted by the gene expression differences between the races. Heightened expression of Gene_7103 was associated with poor overall survival, suggesting Gene_7103 as one potential genetic factor contributing to the differential outcomes in Black Species_9606 with Disease_MESH_D010190, supporting the potential utility of larger genomic studies to further explore the role of Gene_7103 in Disease_MESH_D010190."
5,"INTRODUCTION: Disease_MESH_D021441 (Disease_MESH_D021441) remains a highly lethal Disease_MESH_D009369 with limited therapeutic options and poor overall survival. In recent years, advances in genomic profiling have revealed the complex molecular and cellular heterogeneity of Disease_MESH_D021441, offering new avenues for therapeutic intervention. AREAS COVERED: This review explores emerging therapeutic strategies targeting dysregulated molecular pathways, along with the Disease_MESH_D009369 microenvironment that shown promise in overcoming drug resistance. Novel immunotherapy strategies, such as immune checkpoint inhibitors and Gene_653108 T-cell therapies, are currently being explored in an attempt to modulate Disease_MESH_D021441 immunosuppressive microenvironment. Additionally, we highlight recent clinical trials over the last 5 years and innovative therapeutic strategies aiming to improve outcomes in Disease_MESH_D021441. EXPERT OPINION: Significant progress in genomic profiling, targeted therapies and immunotherapy is a shaping the treatment of Disease_MESH_D021441. Despite challenges posed by its dense stroma and immune suppressive microenvironment, novel strategies such as Gene_3569 and Gene_3604 inhibitors, Gene_653108-T and therapeutic Disease_MESH_D009369 vaccines are promising. Gene_3845 targeted therapies are expanding beyond Variant_3845_pG12C inhibitors, with novel drugs in development that will further improve treatment options. Additionally, Disease_MESH_D009369 treating fields (TTF) are being investigated in locally advanced Disease_MESH_D021441, with the PANOVA-3 trial potentially integrating this modality into future treatment strategies. Continued advancements in these areas will significantly enhance Disease_MESH_D021441 outcomes."
6,"A poor Disease_MESH_D021441 prognosis is due to a lack of effective treatment and late diagnosis. The early detection of Disease_MESH_D021441 could significantly decrease mortality and save lives. Idealbiomarkers for Disease_MESH_D021441 should be cost-effective, detectable in easily accessible biological material, and present in sufficient concentration in the earliest possible phase of the disease. This review addresses newly selected, simple protein biomarkers-new ones such as Gene_7058, insulin-linked binding protein 2, Chemical_MESH_C032881, and Gene_5168 and conventional ones such as Ca19-9, Disease_MESH_D007249 factors, and Disease_MESH_D001778 factors. Their possible use in the early detection of Disease_MESH_D021441, differentiation from Disease_MESH_D004194, prognosis, and treatment response prediction is discussed. We also address the usefulness of possible combinations of biomarkers in diagnostic panels."
7,"BACKGROUND AND OBJECTIVES: High mortality in Disease_MESH_D021441 (Disease_MESH_D021441) is related to delayed diagnosis and lack of cost-effective early detection strategies. Retrospective studies have demonstrated an association between Disease_MESH_D021441 and Disease_MESH_D010195 (Disease_MESH_D010195). Herein, we explore the incidence of Disease_MESH_D021441 in Species_9606 with non-biliary and non-Chemical_MESH_D000438ic Disease_MESH_D010195. METHODS: A population-based, retrospective cohort study was conducted utilizing TriNetX (Cambridge, MA). Species_9606 >=40 years with Disease_MESH_D010195 (ICD-10-CM code: K85) and without biliary Disease_MESH_D010195 (K85.1), Chemical_MESH_D000438-induced Disease_MESH_D010195 (K85.2) or Disease_MESH_D050500 (K86.0, K86.1), were identified. The primary outcome was incidence of Disease_MESH_D021441 (C25) in Species_9606 at defined intervals following Disease_MESH_D010195. We compared the rate of early-stage diagnosis (stage 1-2) and surgical resection among Species_9606 with and without preceding Disease_MESH_D010195. RESULTS: The incidence of Disease_MESH_D021441 ranged from 2.16% (1 year) to 3.43% (5 years). Species_9606 with Disease_MESH_D021441 and Disease_MESH_D010195 in preceding year were more likely to undergo surgical resection relative to those without Disease_MESH_D010195 (10.1% vs. 6.3%, risk ratio 1.62: 95% confidence interval, CI 1.47-1.79). Early-stage diagnosis of Disease_MESH_D021441 was more frequent in Species_9606 with preceding Disease_MESH_D010195; however, difference was insignificant (p = 0.48; 95% CI 0.64-2.58). CONCLUSION: Disease_MESH_D010195 is infrequently associated with Disease_MESH_D021441 and can precede a diagnosis of Disease_MESH_D021441 in a minority of Species_9606 without another known etiology of Disease_MESH_D010195. Species_9606 with a recent Disease_MESH_D010195 are more likely to undergo surgical resection of Disease_MESH_D021441 and a trend toward diagnosis at an earlier stage compared to Species_9606 with Disease_MESH_D021441 and without Disease_MESH_D010195. The impact of Disease_MESH_D010195-related Disease_MESH_D021441 on survival is unknown."
8,"The long non-coding RNA Gene_253782 antisense RNA 1 (Gene_100861402;253782;5729) has critical regulatory roles in Disease_MESH_D001943 progression. Here, we determined Gene_100861402;253782;5729 expression in Disease_MESH_D021441 (Disease_MESH_D021441) and the roles of Gene_100861402;253782;5729 in Disease_MESH_D021441 carcinogenesis. The mechanisms underlying the regulatory actions of Gene_100861402;253782;5729 in Disease_MESH_D021441 cells were elucidated in detail. Gene_100861402;253782;5729 expression was evidently increased in Disease_MESH_D021441 tissues and cell lines. Species_9606 with Disease_MESH_D021441 having high Gene_100861402;253782;5729 expression had shorter overall survival periods than those having low Gene_100861402;253782;5729 expression. Functionally, the knockdown of Gene_100861402;253782;5729 attenuated the proliferation, migration, and invasion and stimulated apoptosis of Disease_MESH_D021441 cells in vitro. Additionally, Gene_100861402;253782;5729 depletion decreased Disease_MESH_D021441 Disease_MESH_D009369 growth in vivo. Mechanistically, Gene_100861402;253782;5729 could competitively bind to Gene_406948-5p (Gene_4069485p) and effectively work as a molecular sponge in Disease_MESH_D021441 cells, resulting in the upregulation of Gene_2260 (Gene_2260), a direct target of Gene_4069485p. Rescue experiments revealed that Gene_4069485p downregulation or Gene_2260 restoration rescued the effects of Gene_100861402;253782;5729 knockdown on the behaviors of Disease_MESH_D021441 cells. In conclusion, Gene_100861402;253782;5729 promoted the oncogenicity of Disease_MESH_D021441 by serving as a competing endogenous RNA to sequester Gene_4069485p and increase Gene_2260 expression, which highlights the potential of the Gene_100861402;253782;5729/Gene_4069485p/Gene_2260 pathway as an effective target for Disease_MESH_D009369 therapy."
9,"BACKGROUNDS: Disease_MESH_D021441 (Disease_MESH_D021441) is one of the most lethal Disease_MESH_D009369 types and chemotherapeutic drug resistance is a stumbling block in improving the overall survival of Disease_MESH_D021441 Species_9606. The nature of specific drug resistant subpopulation within Disease_MESH_D021441 is believed to be partly attributed to epithelial-mesenchymal transition (EMT) and cell stemness. Various Disease_MESH_D021441 cell lines show various degrees of resistance to chemotherapeutic agents including Chemical_MESH_D000093542 (Chemical_MESH_D000093542) and Chemical_MESH_D005472 (Chemical_MESH_D005472). In-depth understanding of drug resistance mechanisms and profile heterogeneities could lead to the development of novel and precise therapeutic strategies for addressing the chemo-resistant dilemma in Disease_MESH_D021441 Species_9606. METHODS: Cytotoxicity assays were performed by CCK8 in ten common Disease_MESH_D021441 cell lines including CellLine_CVCL_0152, CellLine_CVCL_0186, CellLine_CVCL_0237, CellLine_CVCL_1119, CellLine_CVCL_0313, CellLine_CVCL_0428, CellLine_CVCL_0480, CellLine_CVCL_1847, CellLine_CVCL_1723 and CellLine_CVCL_4056. RNA-seq data of the ten cell lines were downloaded from Disease_MESH_D009369 Cell Line Encyclopedia (CCLE) database and subsequently analyzed for differentially expressed genes (DEGs). Based on first-line chemotherapy regimens of Disease_MESH_D021441, DEGs between resistant and sensitive cell lines were validated by qRT-PCR. Enriched pathways of differentially expressed genes between the resistant and sensitive cell lines were acquired by Metascape database.
RESULTS: We found that the top two toxic drugs for Disease_MESH_D021441 cell lines were Chemical_MESH_D017239 (Chemical_MESH_D017239) and Chemical_MESH_D000093542. Among the ten Disease_MESH_D021441 cell lines, CellLine_CVCL_1723 was the most resistant Disease_MESH_D021441 cell line with the highest IC50 levels for three drugs, while CellLine_CVCL_0428 and CellLine_CVCL_0186 were the most sensitive Disease_MESH_D021441 cell lines. Differential expression analysis revealed the highest number of DEGs associated with Chemical_MESH_D002945 (CIS) sensitivity up to 642 genes, of which 181 genes were upregulated and 461 genes were downregulated in CIS-resistant cell lines. The least number of DEGs are associated with Chemical_MESH_D000093542 sensitivity, of which 37 genes were highly expressed in Chemical_MESH_D000093542-resistant Disease_MESH_D021441 cell lines and 25 genes were lowly expressed. Enrichment analysis of the DEGs revealed that pathways associated with drug resistance were mainly extracellular matrix and cell-cell junction related pathways. CONCLUSIONS: Disease_MESH_D021441 cell lines showed diverse sensitivities to commonly used chemotherapeutic agents, which was caused by differential gene expression between the resistant and sensitive cell lines. The heterogeneity and its associated genes were enriched in extracellular matrix and cell-cell junction related pathways. Our study first portrayed the sensitivity profile to chemotherapeutic drugs of Disease_MESH_D021441, which would benefit the chemoresistance mechanism study by reemphasizing the vital role of extracellular matrix and cell-cell junction related pathways and helping the selection of suitable Disease_MESH_D021441 cell lines."
10,"Despite medical advancements, the prognosis of Disease_MESH_D021441 (Disease_MESH_D021441) has not improved significantly over the past 50 years. By utilising the large-scale genomic datasets available from the Australia Disease_MESH_D010190 Project (PACA-AU) and The Disease_MESH_D009369 Genomic Atlas Project (TCGA-PAAD), we studied the immunophenotype of Disease_MESH_D021441 in silico and identified that Disease_MESH_D009369 with high cytotoxic T lymphocytes (CTL) killing activity were associated with favourable clinical outcomes. Using the STRING protein-protein interaction network analysis, the identified differentially expressed genes with low CTL killing activity were associated with Gene_7291/Gene_3570, Gene_10014, and Gene_8320 signalling. Following Connectivity Map analysis, we identified 44 small molecules that could restore CTL sensitivity in the Disease_MESH_D021441 cells. Further high-throughput chemical library screening identified 133 inhibitors that effectively target both parental and CTL-resistant Disease_MESH_D021441 cells in vitro. Since CTL-resistant Disease_MESH_D021441 had a higher expression of histone proteins and its acetylated proteins compared to its parental cells, we further investigated the impact of histone deacetylase inhibitors (Gene_9734i) on CTL-mediated Disease_MESH_D064420 in Disease_MESH_D021441 cells in vitro, namely CellLine_CVCL_1723 and CellLine_CVCL_0186. Further analyses revealed that Chemical_MESH_C575255 and Chemical_UNKNOWN were the two most potent Gene_9734 inhibitors that restored CTL sensitivity in CellLine_CVCL_1723 and CellLine_CVCL_0186 CTL-resistant cells. Through our in silico and in vitro studies, we demonstrate the novel role of Gene_9734 inhibition in restoring CTL resistance and that combinations of Gene_9734i with CTL may represent a promising therapeutic strategy, warranting its further detailed molecular mechanistic studies and animal studies before embarking on the clinical evaluation of these novel combined Disease_MESH_D021441 treatments."
